1,Kleidung,Hoodie,Unisex,Braun,Haende,Rosa,S/M/L/XL/XXL,35€,Medien/Kleidung/Haende,placeholder,j
2,Kleidung,Hoodie,Unisex,Dunkelblau,Haende,Rosa,S/M/L/XL/XXL,35€,Medien/Kleidung/Haende,placeholder,j
3,Kleidung,Hoodie,Unisex,Schwarz,Haende,Rosa,S/M/L/XL/XXL,35€,Medien/Kleidung/Haende,placeholder,j
4,Kleidung,Hoodie,Unisex,Dunkelblau,Karte,Weiss,S/M/L/XL/XXL,35€,Medien/Kleidung/Karte,placeholder,j
5,Kleidung,Hoodie,Unisex,Hellbraun,Karte,Schwarz,S/M/L/XL/XXL,35€,Medien/Kleidung/Karte,placeholder,j
6,Kleidung,Hoodie,Unisex,Schwarz,Karte,Weiss,S/M/L/XL/XXL,35€,Medien/Kleidung/Karte,placeholder,j
7,Kleidung,Hoodie,Unisex,Weiss,Karte,Schwarz,S/M/L/XL/XXL,35€,Medien/Kleidung/Karte,placeholder,j
8,Kleidung,Hoodie,Unisex,Hellbraun,Respekt,Blau,S/M/L/XL/XXL,35€,Medien/Kleidung/Respekt,placeholder,j
9,Kleidung,Hoodie,Unisex,Braun,Respekt,Blau,S/M/L/XL/XXL,35€,Medien/Kleidung/Respekt,placeholder,j
10,Kleidung,Hoodie,Unisex,Dunkelblau,Respekt,Blau,S/M/L/XL/XXL,35€,Medien/Kleidung/Respekt,placeholder,j
11,Kleidung,Hoodie,Unisex,Schwarz,Respekt,Blau,S/M/L/XL/XXL,35€,Medien/Kleidung/Respekt,placeholder,j
12,Kleidung,Hoodie,Unisex,Weiss,Respekt,Blau,S/M/L/XL/XXL,35€,Medien/Kleidung/Respekt,placeholder,j
13,Kleidung,Hoodie,Unisex,Dunkelblau,Respekt,Rosa,S/M/L/XL/XXL,35€,Medien/Kleidung/Respekt,placeholder,j
14,Kleidung,Hoodie,Unisex,Schwarz,Respekt,Rosa,S/M/L/XL/XXL,35€,Medien/Kleidung/Respekt,placeholder,j
15,Kleidung,Hoodie,Unisex,Weiss,Respekt,Rosa,S/M/L/XL/XXL,35€,Medien/Kleidung/Respekt,placeholder,j
16,Kleidung,Hoodie,Unisex,Dunkelblau,Motto,Weiss,S/M/L/XL/XXL,35€,Medien/Kleidung/Motto,placeholder,j
17,Kleidung,Hoodie,Unisex,Braun,Motto,Weiss,S/M/L/XL/XXL,35€,Medien/Kleidung/Motto,placeholder,j
18,Kleidung,Hoodie,Unisex,Schwarz,Motto,Weiss,S/M/L/XL/XXL,35€,Medien/Kleidung/Motto,placeholder,j
19,Kleidung,Hoodie,Unisex,Grau,Karte,Schwarz,S/M/L/XL/XXL,35€,Medien/Kleidung/Karte,placeholder,j
20,Kleidung,Hoodie,Unisex,Rot,Karte,Schwarz,S/M/L/XL/XXL,35€,Medien/Kleidung/Karte,placeholder,j
21,Kleidung,Hoodie,Unisex,Rot,Haende,Blau,S/M/L/XL/XXL,35€,Medien/Kleidung/Haende,placeholder,j
22,Kleidung,Hoodie,Unisex,Grau,Respekt,Blau,S/M/L/XL/XXL,35€,Medien/Kleidung/Respekt,placeholder,j
23,Kleidung,Hoodie,Unisex,Rot,Respekt,Blau,S/M/L/XL/XXL,35€,Medien/Kleidung/Respekt,placeholder,j
24,Kleidung,Hoodie,Unisex,Grau,Respekt,Rosa,S/M/L/XL/XXL,35€,Medien/Kleidung/Respekt,placeholder,j
25,Kleidung,Hoodie,Unisex,Grau,Motto,Weiss/Rot,S/M/L/XL/XXL,35€,Medien/Kleidung/Motto,placeholder,j
,,,,,,,,,,,
27,Kleidung,Hoodie,Unisex,Rot,Motto,Weiss,S/M/L/XL/XXL,35€,Medien/Kleidung/Motto,placeholder,j
,,,,,,,,,,,
,,,,,,,,,,,
30,Kleidung,Hoodie,Kinder,Schwarz,Haende,Blau,134/146/152/164,35€,Medien/Kleidung/Haende,placeholder,j
31,Kleidung,Hoodie,Kinder,Dunkelblau,Haende,Blau,134/146/152/164,35€,Medien/Kleidung/Haende,placeholder,j
32,Kleidung,Hoodie,Kinder,Rosa,Haende,Blau,134/146/152/164,35€,Medien/Kleidung/Haende,placeholder,j
,,,,,,,,,,,
34,Kleidung,Hoodie,Kinder,Dunkelblau,Karte,Weiss,134/146/152/164,35€,Medien/Kleidung/Karte,placeholder,j
35,Kleidung,Hoodie,Kinder,Schwarz,Karte,Weiss,134/146/152/164,35€,Medien/Kleidung/Karte,placeholder,j
36,Kleidung,Hoodie,Kinder,Rosa,Karte,Schwarz,134/146/152/164,35€,Medien/Kleidung/Karte,placeholder,j
,,,,,,,,,,,
38,Kleidung,Hoodie,Kinder,Dunkelblau,Respekt,Blau,134/146/152/164,35€,Medien/Kleidung/Respekt,placeholder,j
,,,,,,,,,,,
40,Kleidung,Hoodie,Kinder,Schwarz,Respekt,Blau,134/146/152/164,35€,Medien/Kleidung/Respekt,placeholder,j
41,Kleidung,Hoodie,Kinder,Rosa,Respekt,Blau,134/146/152/164,35€,Medien/Kleidung/Respekt,placeholder,j
,,,,,,,,,,,
43,Kleidung,Hoodie,Kinder,Dunkelblau,Respekt,Rosa,134/146/152/164,35€,Medien/Kleidung/Respekt,placeholder,j
44,Kleidung,Hoodie,Kinder,Schwarz,Respekt,Rosa,134/146/152/164,35€,Medien/Kleidung/Respekt,placeholder,j
,,,,,,,,,,,
,,,,,,,,,,,
47,Kleidung,Hoodie,Kinder,Dunkelblau,Motto,Weiss,134/146/152/164,35€,Medien/Kleidung/Motto,placeholder,j
48,Kleidung,Hoodie,Kinder,Schwarz,Motto,Weiss,134/146/152/164,35€,Medien/Kleidung/Motto,placeholder,j
49,Kleidung,Hoodie,Kinder,Rosa,Motto,Weiss,134/146/152/164,35€,Medien/Kleidung/Motto,placeholder,j
50,Kleidung,T-Shirt,Herren,Weiss,Karte,Schwarz,S/M/L/XL/XXL,26€,Medien/Kleidung/Karte,placeholder,j
51,Kleidung,T-Shirt,Herren,Rot,Karte,Schwarz,S/M/L/XL/XXL,26€,Medien/Kleidung/Karte,placeholder,j
52,Kleidung,T-Shirt,Herren,Dunkelblau,Karte,Weiss,S/M/L/XL/XXL,26€,Medien/Kleidung/Karte,placeholder,j
53,Kleidung,T-Shirt,Herren,Schwarz,Karte,Weiss,S/M/L/XL/XXL,26€,Medien/Kleidung/Karte,placeholder,j
54,Kleidung,T-Shirt,Herren,Schwarz,Haende,Blau,S/M/L/XL/XXL,26€,Medien/Kleidung/Haende,placeholder,j
55,Kleidung,T-Shirt,Herren,Rot,Haende,Blau,S/M/L/XL/XXL,26€,Medien/Kleidung/Haende,placeholder,j
56,Kleidung,T-Shirt,Herren,Weiss,Respekt,Blau,S/M/L/XL/XXL,26€,Medien/Kleidung/Respekt,placeholder,j
57,Kleidung,T-Shirt,Herren,Rot,Respekt,Blau,S/M/L/XL/XXL,26€,Medien/Kleidung/Respekt,placeholder,j
58,Kleidung,T-Shirt,Herren,Schwarz,Respekt,Blau,S/M/L/XL/XXL,26€,Medien/Kleidung/Respekt,placeholder,j
59,Kleidung,T-Shirt,Herren,Schwarz,Respekt,Rosa,S/M/L/XL/XXL,26€,Medien/Kleidung/Respekt,placeholder,j
60,Kleidung,T-Shirt,Herren,Weiss,Respekt,Rosa,S/M/L/XL/XXL,26€,Medien/Kleidung/Respekt,placeholder,j
61,Kleidung,T-Shirt,Herren,Dunkelblau,Motto,Weiss/Rot,S/M/L/XL/XXL,26€,Medien/Kleidung/Motto,placeholder,j
62,Kleidung,T-Shirt,Herren,Weiss,Motto,Weiss/Rot,S/M/L/XL/XXL,26€,Medien/Kleidung/Motto,placeholder,j
63,Kleidung,T-Shirt,Herren,Schwarz,Motto,Weiss/Rot,S/M/L/XL/XXL,26€,Medien/Kleidung/Motto,placeholder,j
64,Kleidung,T-Shirt,Herren,Rot,Motto,Weiss,S/M/L/XL/XXL,26€,Medien/Kleidung/Motto,placeholder,j
65,Praktisches,Flasche,N/A,Weiss,Respekt,Blau,N/A,18€,Medien/Praktisches,placeholder,n
66,Praktisches,Flasche,N/A,Weiss,Karte,Schwarz,N/A,18€,Medien/Praktisches,placeholder,n
67,Praktisches,Flasche,N/A,Weiss,Motto,Rot,N/A,18€,Medien/Praktisches,placeholder,n
68,Praktisches,Flasche,N/A,Weiss,Logo,Weiss/Rot,N/A,18€,Medien/Praktisches,placeholder,n
,,,,,,,,,,,
70,Kleidung,T-Shirt,Kinder,Weiss,Karte,Schwarz,146/152/158/164,23€,Medien/Kleidung/Karte,placeholder,j
71,Kleidung,T-Shirt,Kinder,Dunkelblau,Karte,Weiss,146/152/158/164,23€,Medien/Kleidung/Karte,placeholder,j
72,Kleidung,T-Shirt,Kinder,Schwarz,Karte,Weiss,146/152/158/164,23€,Medien/Kleidung/Karte,placeholder,j
73,Kleidung,T-Shirt,Kinder,Schwarz,Haende,Blau,146/152/158/164,23€,Medien/Kleidung/Haende,placeholder,j
74,Kleidung,T-Shirt,Kinder,Weiss,Respekt,Blau,146/152/158/164,23€,Medien/Kleidung/Respekt,placeholder,j
75,Kleidung,T-Shirt,Kinder,Schwarz,Respekt,Blau,146/152/158/164,23€,Medien/Kleidung/Respekt,placeholder,j
76,Kleidung,T-Shirt,Kinder,Schwarz,Respekt,Rosa,146/152/158/164,23€,Medien/Kleidung/Respekt,placeholder,j
77,Kleidung,T-Shirt,Kinder,Weiss,Respekt,Rosa,146/152/158/164,23€,Medien/Kleidung/Respekt,placeholder,j
78,Kleidung,T-Shirt,Kinder,Dunkelblau,Motto,Weiss/Rot,146/152/158/164,23€,Medien/Kleidung/Motto,placeholder,j
79,Kleidung,T-Shirt,Kinder,Weiss,Motto,Weiss/Rot,146/152/158/164,23€,Medien/Kleidung/Motto,placeholder,j
80,Kleidung,T-Shirt,Kinder,Schwarz,Motto,Weiss/Rot,146/152/158/164,23€,Medien/Kleidung/Motto,placeholder,j
81,Praktisches,Turnbeutel,N/A,Schwarz,Haende,Weiss,N/A,14€,Medien/Praktisches,placeholder,j
82,Praktisches,Turnbeutel,N/A,Grau,Logo,Weiss,N/A,14€,Medien/Praktisches,placeholder,j
83,Praktisches,Turnbeutel,N/A,Schwarz,Logo,Weiss,N/A,14€,Medien/Praktisches,placeholder,j
84,Praktisches,Turnbeutel,N/A,Grau,Motto,Weiss,N/A,14€,Medien/Praktisches,placeholder,j
85,Praktisches,Turnbeutel,N/A,Schwarz,Motto,Gelb,N/A,14€,Medien/Praktisches,placeholder,j
86,Praktisches,Turnbeutel,N/A,Grau,Haende,N/A,N/A,14€,Medien/Praktisches,placeholder,j
,,,,,,,,,,,
,,,,,,,,,,,
,,,,,,,,,,,
90,Sonstiges,Teddy,N/A,Weiss,Motto,Rot,N/A,26€,Medien/Sonstiges,placeholder,j
91,Sonstiges,Teddy,N/A,Schwarz,Motto,Rot,N/A,26€,Medien/Sonstiges,placeholder,j
92,Sonstiges,Teddy,N/A,Weiss,Karte,Schwarz,N/A,26€,Medien/Sonstiges,placeholder,j
93,Sonstiges,Teddy,N/A,Schwarz,Karte,Weiss,N/A,26€,Medien/Sonstiges,placeholder,j
,,,,,,,,,,,
,,,,,,,,,,,
,,,,,,,,,,,
,,,,,,,,,,,
,,,,,,,,,,,
,,,,,,,,,,,
100,Kleidung,T-Shirt,Damen,Weiss,Karte,Schwarz,S/M/L/XL/XXL,25€,Medien/Kleidung/Karte,placeholder,j
101,Kleidung,T-Shirt,Damen,Rosa,Karte,Schwarz,S/M/L/XL/XXL,25€,Medien/Kleidung/Karte,placeholder,j
102,Kleidung,T-Shirt,Damen,Dunkelblau,Karte,Weiss,S/M/L/XL/XXL,25€,Medien/Kleidung/Karte,placeholder,j
103,Kleidung,T-Shirt,Damen,Schwarz,Karte,Weiss,S/M/L/XL/XXL,25€,Medien/Kleidung/Karte,placeholder,j
104,Kleidung,T-Shirt,Damen,Schwarz,Haende,Rosa,S/M/L/XL/XXL,25€,Medien/Kleidung/Haende,placeholder,j
105,Kleidung,T-Shirt,Damen,Dunkelblau,Haende,Rosa,S/M/L/XL/XXL,25€,Medien/Kleidung/Haende,placeholder,j
106,Kleidung,T-Shirt,Damen,Dunkelblau,Respekt,Blau,S/M/L/XL/XXL,25€,Medien/Kleidung/Respekt,placeholder,j
107,Kleidung,T-Shirt,Damen,Weiss,Respekt,Blau,S/M/L/XL/XXL,25€,Medien/Kleidung/Respekt,placeholder,j
108,Kleidung,T-Shirt,Damen,Schwarz,Respekt,Blau,S/M/L/XL/XXL,25€,Medien/Kleidung/Respekt,placeholder,j
109,Kleidung,T-Shirt,Damen,Rosa,Respekt,Blau,S/M/L/XL/XXL,25€,Medien/Kleidung/Respekt,placeholder,j
110,Kleidung,T-Shirt,Damen,Schwarz,Motto,Weiss,S/M/L/XL/XXL,25€,Medien/Kleidung/Motto,placeholder,j
111,Kleidung,T-Shirt,Damen,Dunkelblau,Motto,Weiss,S/M/L/XL/XXL,25€,Medien/Kleidung/Motto,placeholder,j
112,Kleidung,T-Shirt,Damen,Rosa,Motto,Weiss,S/M/L/XL/XXL,25€,Medien/Kleidung/Motto,placeholder,j
,,,,,,,,,,,
114,Kleidung,T-Shirt,Damen,Weiss,Motto,Weiss/Rot,S/M/L/XL/XXL,25€,Medien/Kleidung/Motto,placeholder,j
,,,,,,,,,,,
,,,,,,,,,,,
,,,,,,,,,,,
,,,,,,,,,,,
,,,,,,,,,,,
120,Kleidung,Jacke,Unisex,Rot,Motto,N/A,S/M/L/XL/XXL,35€,Medien/Kleidung/Motto,placeholder,j
121,Kleidung,Jacke,Unisex,Schwarz,Motto,N/A,S/M/L/XL/XXL,35€,Medien/Kleidung/Motto,placeholder,j
122,Kleidung,Jacke,Unisex,Dunkelblau,Motto,N/A,S/M/L/XL/XXL,35€,Medien/Kleidung/Motto,placeholder,j
123,Kleidung,Jacke,Unisex,Grau,Motto,N/A,S/M/L/XL/XXL,35€,Medien/Kleidung/Motto,placeholder,j
124,Kleidung,Jacke,Unisex,Grau,Haende,N/A,S/M/L/XL/XXL,35€,Medien/Kleidung/Haende,placeholder,j
125,Kleidung,Jacke,Unisex,Dunkelblau,Haende,N/A,S/M/L/XL/XXL,35€,Medien/Kleidung/Haende,placeholder,j
126,Kleidung,Jacke,Unisex,Rot,Haende,N/A,S/M/L/XL/XXL,35€,Medien/Kleidung/Haende,placeholder,j
127,Kleidung,Jacke,Unisex,Schwarz,Haende,N/A,S/M/L/XL/XXL,35€,Medien/Kleidung/Haende,placeholder,j
128,Kleidung,Jacke,Unisex,Schwarz,Karte,N/A,S/M/L/XL/XXL,35€,Medien/Kleidung/Karte,placeholder,j
129,Kleidung,Jacke,Unisex,Rot,Karte,N/A,S/M/L/XL/XXL,35€,Medien/Kleidung/Karte,placeholder,j
130,Kleidung,Jacke,Unisex,Grau,Karte,N/A,S/M/L/XL/XXL,35€,Medien/Kleidung/Karte,placeholder,j
131,Kleidung,Jacke,Unisex,Dunkelblau,Karte,N/A,S/M/L/XL/XXL,35€,Medien/Kleidung/Karte,placeholder,j
132,Kleidung,Jacke,Unisex,Dunkelblau,Respekt,N/A,S/M/L/XL/XXL,35€,Medien/Kleidung/Respekt,placeholder,j
133,Kleidung,Jacke,Unisex,Grau,Respekt,N/A,S/M/L/XL/XXL,35€,Medien/Kleidung/Respekt,placeholder,j
134,Kleidung,Jacke,Unisex,Schwarz,Respekt,N/A,S/M/L/XL/XXL,35€,Medien/Kleidung/Respekt,placeholder,j
135,Kleidung,Jacke,Unisex,Schwarz,Respekt,N/A,S/M/L/XL/XXL,35€,Medien/Kleidung/Respekt,placeholder,j
136,Kleidung,Jacke,Unisex,Rot,Respekt,N/A,S/M/L/XL/XXL,35€,Medien/Kleidung/Respekt,placeholder,j
137,Kleidung,Jacke,Unisex,Grau,Respekt,N/A,S/M/L/XL/XXL,35€,Medien/Kleidung/Respekt,placeholder,j
138,Kleidung,Jacke,Unisex,Dunkelblau,Respekt,N/A,S/M/L/XL/XXL,35€,Medien/Kleidung/Respekt,placeholder,j
